{
  "affirmations": [
    "You are beyond numbers! 🌟",
    "More than hours, you're a force! 💪",
    "You're a story, not a stat! 📖",
    "Value isn't in digits; it's in you! 💫",
    "You’re worth more than you measure! 🚀",
    "Beyond the count, you're unique! 🌈",
    "You are greater than goals! 🎯"
  ],
  "quotes": {
    "monday": [
      "Begin again, and let today be your masterpiece. 🎨",
      "The art of starting is knowing it’s never too late. ⏰",
      "Monday: A canvas for fresh ideas. 💡",
      "Every Monday is a new story waiting to be written. 📖",
      "Design your day with intention, and the rest will follow. 🧭",
      "Monday is the day dreams take their first step. 🚀"
    ],
    "tuesday": [
      "The road of creativity is long; enjoy every turn. 🛤️",
      "Every Tuesday is a small chance to refine your vision. 👓",
      "Build bridges of ideas, one step at a time. 🌉",
      "Tuesday: A whisper of progress in the journey. 🚶‍♂️",
      "Remember, even the smallest change can spark a revolution. 🔥",
      "Find the poetry in pixels today. 🖌️"
    ],
    "wednesday": [
      "In the middle of the week, find the middle of yourself. 🧘‍♂️",
      "Wednesday: A reflection point, a pivot in your story. 🔄",
      "When things are complex, simplify with purpose. 🎯",
      "Every curve in design is a curve in life’s journey. 🌿",
      "Mid-week, mid-thought, mid-creation. 🧠",
      "Wednesday whispers: 'Find your balance in the details.' ⚖️"
    ],
    "thursday": [
      "The journey of design is the journey of self-discovery. 🧭",
      "Let Thursday teach you the beauty of refinement. ✨",
      "Every interaction tells a story; craft yours with care. 📜",
      "Thursday: The quiet before the final push. 🏃‍♂️",
      "Ideas are seeds; let them grow wild today. 🌱",
      "The depth of a design lies in its intention. 🔍"
    ],
    "friday": [
      "Celebrate the end, but also the endless possibilities. 🎉",
      "Friday: A day to ponder what’s next. 🤔",
      "Design is a dance between freedom and constraints. 💃🕺",
      "Endings are beginnings wrapped in experience. 🔄",
      "The weekend approaches; let your mind wander free. 🕊️",
      "Friday is a threshold; step boldly into the unknown. 🚪"
    ],
    "saturday": [
      "Embrace the blank page of a Saturday. 📝",
      "Rest is part of the creative process. Breathe deeply today. 🌬️",
      "Saturday: The universe gives you space to dream. 🌌",
      "Take time to explore the unseen corners of your imagination. 🔍",
      "On Saturdays, we learn to listen to our inner voice. 🗣️",
      "Seek not just to create, but to connect deeply. ❤️"
    ],
    "sunday": [
      "Sundays are pauses in the rhythm of creation. ⏳",
      "Reflect on your week like an artist reflects on their canvas. 🖼️",
      "Sunday: A quiet moment for your soul to catch up. 🕊️",
      "Dream boldly today; tomorrow, create with intention. ✍️",
      "Sundays remind us that rest is a sacred part of growth. 🌱",
      "Look within today to shape what comes tomorrow. 🔮"
    ]
  }
}
